{
  "model": "meta-llama/Llama-3.2-3B-Instruct",
  "layer": 7,
  "tasks": [
    {
      "task": "refusal",
      "hypothesized_kind": "behavioral",
      "layer": 7,
      "n_pairs": 200,
      "n_eval": 50,
      "cos_mean": 0.9984219193458557,
      "cos_std": 0.0007991881192837119,
      "var": 0.6257414221763611,
      "baseline": 0.58,
      "ablate": 0.0,
      "ablate_delta_base": -0.58,
      "add_alphas": [
        0.5,
        1.0,
        2.0,
        4.0
      ],
      "add_scores": {
        "0.5": 0.62,
        "1.0": 0.64,
        "2.0": 0.6,
        "4.0": 0.52
      },
      "add_deltas": {
        "0.5": 0.040000000000000036,
        "1.0": 0.06000000000000005,
        "2.0": 0.020000000000000018,
        "4.0": -0.05999999999999994
      }
    },
    {
      "task": "honesty",
      "hypothesized_kind": "behavioral",
      "layer": 7,
      "n_pairs": 200,
      "n_eval": 50,
      "cos_mean": 0.9991922110319138,
      "cos_std": 0.00017286855376442487,
      "var": 0.038551270961761475,
      "baseline": 0.44,
      "ablate": 0.42,
      "ablate_delta_base": -0.020000000000000018,
      "add_alphas": [
        0.5,
        1.0,
        2.0,
        4.0
      ],
      "add_scores": {
        "0.5": 0.44,
        "1.0": 0.5,
        "2.0": 0.54,
        "4.0": 0.62
      },
      "add_deltas": {
        "0.5": 0.0,
        "1.0": 0.06,
        "2.0": 0.10000000000000003,
        "4.0": 0.18
      }
    },
    {
      "task": "rag_distractor",
      "hypothesized_kind": "content_specific",
      "layer": 7,
      "n_pairs": 200,
      "n_eval": 50,
      "cos_mean": 0.9878029644489288,
      "cos_std": 0.00825558026928963,
      "var": 0.7465552091598511,
      "baseline": 0.56,
      "ablate": 0.0,
      "ablate_delta_base": -0.56,
      "add_alphas": [
        0.5,
        1.0,
        2.0,
        4.0
      ],
      "add_scores": {
        "0.5": 0.58,
        "1.0": 0.56,
        "2.0": 0.48,
        "4.0": 0.5
      },
      "add_deltas": {
        "0.5": 0.019999999999999907,
        "1.0": 0.0,
        "2.0": -0.08000000000000007,
        "4.0": -0.06000000000000005
      }
    },
    {
      "task": "context_faithfulness",
      "hypothesized_kind": "borderline",
      "layer": 7,
      "n_pairs": 200,
      "n_eval": 50,
      "cos_mean": 0.999982625246048,
      "cos_std": 3.415689401203936e-06,
      "var": 0.0010042786598205566,
      "baseline": 0.88,
      "ablate": 0.51,
      "ablate_delta_base": -0.37,
      "add_alphas": [
        0.5,
        1.0,
        2.0,
        4.0
      ],
      "add_scores": {
        "0.5": 0.9,
        "1.0": 0.9,
        "2.0": 0.81,
        "4.0": 0.74
      },
      "add_deltas": {
        "0.5": 0.020000000000000018,
        "1.0": 0.020000000000000018,
        "2.0": -0.06999999999999995,
        "4.0": -0.14
      }
    }
  ]
}