{
  "model": "google/gemma-2-9b-it",
  "layer": 9,
  "sae_repo": "google/gemma-scope-9b-it-res",
  "sae_path": "layer_9/width_16k/average_l0_47/params.npz",
  "n_pairs_per_task": 200,
  "per_task": {
    "refusal": {
      "sign": "+",
      "n_features_active": 14097,
      "n_features_significant": 1939,
      "top20_features": [
        6691,
        13724,
        12085,
        7823,
        14029,
        14192,
        12595,
        11355,
        15844,
        9950,
        13638,
        13200,
        2177,
        10804,
        15916,
        1523,
        6550,
        14616,
        11694,
        6594
      ],
      "top20_coefs": [
        0.45298251509666443,
        -0.43860292434692383,
        -0.38668563961982727,
        -0.32883021235466003,
        0.2080230563879013,
        -0.20062313973903656,
        0.19829154014587402,
        -0.16080547869205475,
        0.15683308243751526,
        -0.1521783471107483,
        -0.14909015595912933,
        -0.14807379245758057,
        -0.14790818095207214,
        -0.14757592976093292,
        0.14685586094856262,
        0.1445217728614807,
        -0.14337466657161713,
        -0.14325743913650513,
        -0.142599955201149,
        0.14103969931602478
      ],
      "top20_fraction_of_total": 0.0111025479734264,
      "herfindahl": 0.00011103442375315353,
      "effective_n_features": 9006.215966168767,
      "peak_coef": 0.45298251509666443,
      "task_name": "refusal",
      "task_kind": "behavioral",
      "target_layer": 9,
      "seconds": 66.52264404296875
    },
    "honesty": {
      "sign": "-",
      "n_features_active": 13625,
      "n_features_significant": 1206,
      "top20_features": [
        4609,
        2830,
        9333,
        10864,
        7176,
        8971,
        4867,
        9534,
        1180,
        6851,
        13115,
        7933,
        12041,
        15126,
        2045,
        10785,
        13402,
        13736,
        6376,
        14389
      ],
      "top20_coefs": [
        -0.3857124447822571,
        -0.3510266840457916,
        -0.29071491956710815,
        -0.2801259756088257,
        -0.22385801374912262,
        -0.21425235271453857,
        -0.213056743144989,
        -0.21142429113388062,
        -0.209674671292305,
        -0.19685004651546478,
        -0.19530704617500305,
        0.18509387969970703,
        0.18226227164268494,
        -0.17309533059597015,
        0.1704757958650589,
        -0.17045119404792786,
        -0.16969922184944153,
        -0.1668989360332489,
        0.1608794778585434,
        -0.16059789061546326
      ],
      "top20_fraction_of_total": 0.015860718580295672,
      "herfindahl": 0.00012461363803595304,
      "effective_n_features": 8024.803831756231,
      "peak_coef": 0.3857124447822571,
      "task_name": "honesty",
      "task_kind": "behavioral",
      "target_layer": 9,
      "seconds": 91.38441491127014
    },
    "sycophancy": {
      "sign": "-",
      "n_features_active": 13138,
      "n_features_significant": 778,
      "top20_features": [
        15765,
        10903,
        12470,
        10055,
        12041,
        8287,
        10095,
        10989,
        7608,
        11662,
        8514,
        13600,
        3837,
        2499,
        9425,
        14795,
        1477,
        5183,
        2816,
        8696
      ],
      "top20_coefs": [
        -0.5104386806488037,
        -0.307875394821167,
        -0.29638075828552246,
        -0.2510484457015991,
        -0.22475090622901917,
        -0.21879564225673676,
        0.1943768858909607,
        0.18897080421447754,
        -0.1804790049791336,
        -0.16459107398986816,
        -0.16256073117256165,
        -0.16167692840099335,
        -0.1488586813211441,
        -0.14874815940856934,
        0.1470387578010559,
        -0.1464119851589203,
        -0.1464015692472458,
        -0.14379733800888062,
        -0.14135923981666565,
        -0.14033207297325134
      ],
      "top20_fraction_of_total": 0.01331485533509569,
      "herfindahl": 0.0001187116140499711,
      "effective_n_features": 8423.775617936208,
      "peak_coef": 0.5104386806488037,
      "task_name": "sycophancy",
      "task_kind": "behavioral",
      "target_layer": 9,
      "seconds": 263.7451138496399
    },
    "sentiment": {
      "sign": "-",
      "n_features_active": 14341,
      "n_features_significant": 2726,
      "top20_features": [
        8911,
        4609,
        12085,
        9601,
        8971,
        10785,
        9534,
        10864,
        9721,
        1148,
        16150,
        13897,
        4910,
        3832,
        2877,
        1027,
        9641,
        15179,
        15229,
        853
      ],
      "top20_coefs": [
        -0.3403913974761963,
        -0.32068932056427,
        0.27995845675468445,
        -0.2563840448856354,
        -0.25055134296417236,
        -0.2457936853170395,
        -0.2353777140378952,
        -0.23527507483959198,
        -0.22561989724636078,
        -0.21464818716049194,
        -0.21248063445091248,
        -0.19851236045360565,
        -0.19581925868988037,
        -0.1951262354850769,
        -0.19009877741336823,
        -0.18352308869361877,
        -0.1773221790790558,
        -0.17664125561714172,
        -0.1748063564300537,
        -0.1737665832042694
      ],
      "top20_fraction_of_total": 0.013613688976457495,
      "herfindahl": 0.0001208745816256851,
      "effective_n_features": 8273.03794189519,
      "peak_coef": 0.3403913974761963,
      "task_name": "sentiment",
      "task_kind": "behavioral",
      "target_layer": 9,
      "seconds": 464.2641489505768
    },
    "truthfulness": {
      "sign": "+",
      "n_features_active": 14525,
      "n_features_significant": 3233,
      "top20_features": [
        10114,
        8522,
        11174,
        15410,
        3058,
        16032,
        2080,
        1677,
        7387,
        12174,
        14259,
        12912,
        15229,
        9653,
        9954,
        6473,
        5138,
        15003,
        7800,
        1974
      ],
      "top20_coefs": [
        0.36245793104171753,
        0.33395227789878845,
        0.33334076404571533,
        0.30107980966567993,
        0.28203433752059937,
        0.2549145221710205,
        0.2434784471988678,
        0.22375881671905518,
        0.2071082592010498,
        0.20489828288555145,
        0.1991954743862152,
        -0.19753515720367432,
        0.19616590440273285,
        -0.19278794527053833,
        0.19128234684467316,
        0.18839259445667267,
        0.18132135272026062,
        0.1695837378501892,
        0.1693982481956482,
        0.16626644134521484
      ],
      "top20_fraction_of_total": 0.012196346512048565,
      "herfindahl": 0.00011496000661281869,
      "effective_n_features": 8698.67730060216,
      "peak_coef": 0.36245793104171753,
      "task_name": "truthfulness",
      "task_kind": "behavioral",
      "target_layer": 9,
      "seconds": 78.21144390106201
    },
    "rag_distractor": {
      "sign": "-",
      "n_features_active": 13635,
      "n_features_significant": 1412,
      "top20_features": [
        12085,
        13724,
        7823,
        6691,
        2865,
        9540,
        11355,
        3421,
        4617,
        3690,
        4067,
        1514,
        13638,
        2177,
        13200,
        3649,
        245,
        15460,
        2635,
        1133
      ],