{
  "model": "google/gemma-2-9b-it",
  "layer": 9,
  "sae_repo": "google/gemma-scope-9b-it-res",
  "sae_path": "layer_9/width_16k/average_l0_47/params.npz",
  "n_pairs_per_task": 200,
  "per_task": {
    "refusal": {
      "sign": "-",
      "n_features_active": 1309,
      "n_features_significant": 951,
      "top20_features": [
        7795,
        4804,
        12337,
        2177,
        2832,
        3690,
        11355,
        12298,
        5338,
        5356,
        369,
        6054,
        14013,
        1994,
        16050,
        14504,
        15573,
        15910,
        4617,
        10509
      ],
      "top20_activations": [
        38.3924674987793,
        33.051395416259766,
        25.801189422607422,
        24.237308502197266,
        23.69692611694336,
        23.404254913330078,
        23.2978515625,
        21.06464195251465,
        17.41314697265625,
        17.400964736938477,
        17.397560119628906,
        17.394241333007812,
        16.655588150024414,
        16.4959774017334,
        16.386024475097656,
        16.27974510192871,
        16.124500274658203,
        16.119705200195312,
        15.788223266601562,
        15.670971870422363
      ],
      "top20_fraction_of_total": 0.0594078171174507,
      "gini": 0.0009757141815498471,
      "peak_activation": 38.3924674987793,
      "task_name": "refusal",
      "task_kind": "behavioral",
      "target_layer": 9,
      "seconds": 61.985568046569824
    },
    "honesty": {
      "sign": "-",
      "n_features_active": 1294,
      "n_features_significant": 946,
      "top20_features": [
        7795,
        4804,
        12337,
        2177,
        2832,
        3690,
        11355,
        12298,
        369,
        5356,
        5338,
        6054,
        14013,
        1994,
        16050,
        14504,
        15573,
        15910,
        4617,
        10509
      ],
      "top20_activations": [
        38.420875549316406,
        32.92097854614258,
        25.71184539794922,
        24.136219024658203,
        23.518091201782227,
        23.302513122558594,
        23.212421417236328,
        20.904720306396484,
        17.33932113647461,
        17.3321533203125,
        17.292335510253906,
        17.27104377746582,
        16.623733520507812,
        16.356271743774414,
        16.343368530273438,
        16.216543197631836,
        16.021650314331055,
        16.007688522338867,
        15.760337829589844,
        15.601990699768066
      ],
      "top20_fraction_of_total": 0.0598519811116477,
      "gini": 0.0009867020417004824,
      "peak_activation": 38.420875549316406,
      "task_name": "honesty",
      "task_kind": "behavioral",
      "target_layer": 9,
      "seconds": 88.08839774131775
    },
    "sycophancy": {
      "sign": "+",
      "n_features_active": 1304,
      "n_features_significant": 948,
      "top20_features": [
        7795,
        4804,
        12337,
        2177,
        2832,
        3690,
        11355,
        12298,
        6054,
        369,
        5338,
        5356,
        14013,
        1994,
        16050,
        14504,
        15910,
        15573,
        4617,
        10509
      ],
      "top20_activations": [
        38.427452087402344,
        32.932491302490234,
        25.727447509765625,
        24.267906188964844,
        23.481779098510742,
        23.283164978027344,
        23.190460205078125,
        21.07191276550293,
        17.373367309570312,
        17.340959548950195,
        17.315532684326172,
        17.28933334350586,
        16.668289184570312,
        16.417932510375977,
        16.351015090942383,
        16.21538734436035,
        16.140199661254883,
        16.071075439453125,
        15.758132934570312,
        15.623947143554688
      ],
      "top20_fraction_of_total": 0.05958254786306779,
      "gini": 0.00097936624661088,
      "peak_activation": 38.427452087402344,
      "task_name": "sycophancy",
      "task_kind": "behavioral",
      "target_layer": 9,
      "seconds": 255.09258389472961
    },
    "sentiment": {
      "sign": "-",
      "n_features_active": 1302,
      "n_features_significant": 943,
      "top20_features": [
        7795,
        4804,
        12337,
        2177,
        2832,
        3690,
        11355,
        12298,
        369,
        6054,
        5356,
        5338,
        14013,
        1994,
        16050,
        14504,
        15910,
        15573,
        4617,
        10509
      ],
      "top20_activations": [
        38.44462585449219,
        32.88092041015625,
        25.742111206054688,
        24.109689712524414,
        23.584728240966797,
        23.329647064208984,
        23.173686981201172,
        20.930580139160156,
        17.359477996826172,
        17.30172348022461,
        17.286602020263672,
        17.26160430908203,
        16.622617721557617,
        16.381690979003906,
        16.359054565429688,
        16.25896644592285,
        16.04827117919922,
        16.019166946411133,
        15.798920631408691,
        15.617925643920898
      ],
      "top20_fraction_of_total": 0.05965874416897632,
      "gini": 0.0009810753399506211,
      "peak_activation": 38.44462585449219,
      "task_name": "sentiment",
      "task_kind": "behavioral",
      "target_layer": 9,
      "seconds": 412.038596868515
    },
    "truthfulness": {
      "sign": "-",
      "n_features_active": 1290,
      "n_features_significant": 935,
      "top20_features": [
        7795,
        4804,
        12337,
        2177,
        2832,
        3690,
        11355,
        12298,
        6054,
        5338,
        369,
        5356,
        14013,
        1994,
        16050,
        15573,
        14504,
        15910,
        4617,
        10509
      ],
      "top20_activations": [
        38.45688247680664,
        32.98307800292969,
        25.76146697998047,
        24.064407348632812,
        23.497373580932617,
        23.369768142700195,
        23.191940307617188,
        21.06783676147461,
        17.40220832824707,
        17.369434356689453,
        17.357343673706055,
        17.326196670532227,
        16.593244552612305,
        16.506378173828125,
        16.334165573120117,
        16.125328063964844,
        16.110275268554688,
        16.021507263183594,
        15.718377113342285,
        15.639643669128418
      ],
      "top20_fraction_of_total": 0.06009247075308251,
      "gini": 0.0009906956693157554,
      "peak_activation": 38.45688247680664,
      "task_name": "truthfulness",
      "task_kind": "behavioral",
      "target_layer": 9,
      "seconds": 77.87781977653503
    },
    "rag_distractor": {
      "sign": "-",
      "n_features_active": 1287,
      "n_features_significant": 936,
      "top20_features": [
        7795,
        4804,
        12337,
        2177,
        2832,
        3690,
        11355,
        12298,
        369,
        5356,
        5338,
        6054,
        14013,
        1994,
        16050,
        14504,
        15573,
        15910,
        4617,
        10509
      ],
      "top20_activations": [
        38.4271240234375,
        33.03091049194336,
        25.81027603149414,
        24.265127182006836,
        23.414714813232422,
        23.39427375793457,
        23.318391799926758,
        21.002321243286133,
        17.412649154663086,
        17.40831184387207,
        17.356502532958984,
        17.342918395996094,
        16.593217849731445,
        16.452800750732422,
        16.362857818603516,
        16.208477020263672,
        16.11842155456543,
        16.091018676757812,
        15.811506271362305,
        15.631058692932129
      ],
      "top20_fraction_of_total": 0.060198248222050464,
      "gini": 0.0009932992979884148,
      "peak_activation": 38.4271240234375,
      "task_name": "rag_distractor",
      "task_kind": "content_specific",
      "target_layer": 9,
      "seconds": 204.05855202674866
    },
    "fact_override": {
      "sign": "+",