{
 "meta": {
  "model": "meta-llama/Llama-3.2-3B-Instruct",
  "target_layer": 7,
  "n_eval": 500,
  "eval_start": 3500,
  "n_caa_pairs": 400,
  "caa_start": 0,
  "device": "mps",
  "seed": 2026,
  "total_seconds": 1962.7610309123993
 },
 "rows": [
  {
   "condition": "clean",
   "em": 0.636,
   "ci_lo": 0.594,
   "ci_hi": 0.678,
   "delta_vs_distracted_pp": 9.399999999999997,
   "perm_p_vs_distracted": 0.0,
   "lat_mean": 0.5533098106384278
  },
  {
   "condition": "distracted",
   "em": 0.542,
   "ci_lo": 0.49995000000000006,
   "ci_hi": 0.586,
   "delta_vs_distracted_pp": null,
   "perm_p_vs_distracted": null,
   "lat_mean": 1.1811509585380555
  },
  {
   "condition": "caa_ablate",
   "em": 0.538,
   "ci_lo": 0.494,
   "ci_hi": 0.582,
   "delta_vs_distracted_pp": -0.40000000000000036,
   "perm_p_vs_distracted": 0.4989,
   "lat_mean": 1.0897226090431213
  },
  {
   "condition": "random_ablate",
   "em": 0.542,
   "ci_lo": 0.49995000000000006,
   "ci_hi": 0.586,
   "delta_vs_distracted_pp": 0.0,
   "perm_p_vs_distracted": 1.0,
   "lat_mean": 1.0943680052757263
  }
 ],
 "distractor_damage_pp": 9.399999999999997,
 "caa_ablate_recovery_pp": -0.40000000000000036
}