{
  "task_name": "context_faithfulness",
  "task_kind": "borderline",
  "n_pairs": 200,
  "n_eval": 100,
  "target_layer": 9,
  "split_half_cos_mean": 0.9999700576066971,
  "split_half_cos_std": 7.88522988473066e-06,
  "per_pair_variance": 0.001664280891418457,
  "baseline_metric": 0.87,
  "steered_metric": 0.535,
  "random_metric_mean": 0.8800000000000001,
  "random_metric_std": 0.003162277660168382,
  "delta_vs_baseline": -0.33499999999999996,
  "delta_vs_random": -0.3450000000000001,
  "seconds": 1890.225921869278,
  "notes": ""
}