{
  "task_name": "persona",
  "task_kind": "borderline",
  "n_pairs": 200,
  "n_eval": 100,
  "target_layer": 4,
  "split_half_cos_mean": 0.9999839156866074,
  "split_half_cos_std": 4.858647858178649e-06,
  "per_pair_variance": 0.0009816884994506836,
  "baseline_metric": 0.63,
  "steered_metric": 0.03,
  "random_metric_mean": 0.6140000000000001,
  "random_metric_std": 0.024166091947189165,
  "delta_vs_baseline": -0.6,
  "delta_vs_random": -0.5840000000000001,
  "seconds": 1450.2372868061066,
  "notes": ""
}