{
  "task_name": "refusal",
  "task_kind": "behavioral",
  "n_pairs": 200,
  "n_eval": 100,
  "target_layer": 4,
  "split_half_cos_mean": 0.9995871990919113,
  "split_half_cos_std": 0.0002154885926047138,
  "per_pair_variance": 0.6285990178585052,
  "baseline_metric": 0.41,
  "steered_metric": 0.0,
  "random_metric_mean": 0.43600000000000005,
  "random_metric_std": 0.018547236990991426,
  "delta_vs_baseline": -0.41,
  "delta_vs_random": -0.43600000000000005,
  "seconds": 1253.6661291122437,
  "notes": ""
}