{
  "task_name": "sentiment",
  "task_kind": "behavioral",
  "n_pairs": 200,
  "n_eval": 100,
  "target_layer": 4,
  "split_half_cos_mean": 0.729774983972311,
  "split_half_cos_std": 0.4461332338133731,
  "per_pair_variance": 0.8731658756732941,
  "baseline_metric": 0.75,
  "steered_metric": 0.5,
  "random_metric_mean": 0.687,
  "random_metric_std": 0.05591064299397745,
  "delta_vs_baseline": -0.25,
  "delta_vs_random": -0.18700000000000006,
  "seconds": 1483.603423833847,
  "notes": ""
}