{
  "task_name": "truthfulness",
  "task_kind": "behavioral",
  "n_pairs": 200,
  "n_eval": 100,
  "target_layer": 4,
  "split_half_cos_mean": 0.5614365398883819,
  "split_half_cos_std": 0.5205859692065958,
  "per_pair_variance": 0.9181702062487602,
  "baseline_metric": 0.515,
  "steered_metric": 0.5,
  "random_metric_mean": 0.518,
  "random_metric_std": 0.008124038404635967,
  "delta_vs_baseline": -0.015000000000000013,
  "delta_vs_random": -0.018000000000000016,
  "seconds": 1420.7110240459442,
  "notes": ""
}