{
  "task_name": "persona",
  "task_kind": "borderline",
  "n_pairs": 200,
  "n_eval": 100,
  "target_layer": 7,
  "split_half_cos_mean": 0.9999377816915512,
  "split_half_cos_std": 1.693356602517227e-05,
  "per_pair_variance": 0.0038329362869262695,
  "baseline_metric": 0.64,
  "steered_metric": 0.01,
  "random_metric_mean": 0.6380000000000001,
  "random_metric_std": 0.00979795897113272,
  "delta_vs_baseline": -0.63,
  "delta_vs_random": -0.6280000000000001,
  "seconds": 1528.0371420383453,
  "notes": ""
}