{
  "task_name": "rag_distractor",
  "task_kind": "content_specific",
  "n_pairs": 200,
  "n_eval": 100,
  "target_layer": 7,
  "split_half_cos_mean": 0.9878029644489288,
  "split_half_cos_std": 0.00825558026928963,
  "per_pair_variance": 0.7465552091598511,
  "baseline_metric": 0.58,
  "steered_metric": 0.01,
  "random_metric_mean": 0.572,
  "random_metric_std": 0.026381811916545816,
  "delta_vs_baseline": -0.57,
  "delta_vs_random": -0.5619999999999999,
  "seconds": 2317.6000249385834,
  "notes": ""
}