{
  "task_name": "honesty",
  "task_kind": "behavioral",
  "n_pairs": 200,
  "n_eval": 100,
  "target_layer": 7,
  "split_half_cos_mean": 0.9997249275445939,
  "split_half_cos_std": 5.18166028803999e-05,
  "per_pair_variance": 0.013614296913146973,
  "baseline_metric": 0.47,
  "steered_metric": 0.47,
  "random_metric_mean": 0.4699999999999999,
  "random_metric_std": 0.01264911064067351,
  "delta_vs_baseline": 0.0,
  "delta_vs_random": 5.551115123125783e-17,
  "seconds": 2952.2009677886963,
  "notes": ""
}