{
  "task_name": "persona",
  "task_kind": "borderline",
  "n_pairs": 200,
  "n_eval": 100,
  "target_layer": 7,
  "split_half_cos_mean": 0.9999928712844849,
  "split_half_cos_std": 2.072271008365778e-06,
  "per_pair_variance": 0.0004425048828125,
  "baseline_metric": 0.37,
  "steered_metric": 0.04,
  "random_metric_mean": 0.36,
  "random_metric_std": 0.010954451150103312,
  "delta_vs_baseline": -0.33,
  "delta_vs_random": -0.32,
  "seconds": 2848.3663086891174,
  "notes": ""
}