{
  "task_name": "persona",
  "model": "meta-llama/Llama-3.2-3B-Instruct",
  "layer": 7,
  "n_pairs": 200,
  "n_eval": 100,
  "n_seeds": 3,
  "seeds": [
    2026,
    1729,
    4096
  ],
  "delta_vs_baseline": {
    "mean": -0.63,
    "std": 0.0,
    "values": [
      -0.63,
      -0.63,
      -0.63
    ]
  },
  "delta_vs_random": {
    "mean": -0.6340000000000001,
    "std": 0.00871779788708138,
    "values": [
      -0.6280000000000001,
      -0.63,
      -0.6440000000000001
    ]
  },
  "split_half_cos_mean": {
    "mean": 0.9999377816915512,
    "std": 0.0,
    "values": [
      0.9999377816915512,
      0.9999377816915512,
      0.9999377816915512
    ]
  },
  "per_pair_variance": {
    "mean": 0.0038329362869262695,
    "std": 0.0,
    "values": [
      0.0038329362869262695,
      0.0038329362869262695,
      0.0038329362869262695
    ]
  },
  "baseline_metric": {
    "mean": 0.64,
    "std": 0.0,
    "values": [
      0.64,
      0.64,
      0.64
    ]
  },
  "steered_metric": {
    "mean": 0.01,
    "std": 0.0,
    "values": [
      0.01,
      0.01,
      0.01
    ]
  },
  "random_metric_mean": {
    "mean": 0.6440000000000001,
    "std": 0.00871779788708138,
    "values": [
      0.6380000000000001,
      0.64,
      0.6540000000000001
    ]
  },
  "per_seed_reports": [
    {
      "seed": 2026,
      "task_name": "persona",
      "task_kind": "borderline",
      "n_pairs": 200,
      "n_eval": 100,
      "target_layer": 7,
      "split_half_cos_mean": 0.9999377816915512,
      "split_half_cos_std": 1.693356602517227e-05,
      "per_pair_variance": 0.0038329362869262695,
      "baseline_metric": 0.64,
      "steered_metric": 0.01,
      "random_metric_mean": 0.6380000000000001,
      "random_metric_std": 0.00979795897113272,
      "delta_vs_baseline": -0.63,
      "delta_vs_random": -0.6280000000000001,
      "seconds": 1598.2028160095215,
      "notes": ""
    },
    {
      "seed": 1729,
      "task_name": "persona",
      "task_kind": "borderline",
      "n_pairs": 200,
      "n_eval": 100,
      "target_layer": 7,
      "split_half_cos_mean": 0.9999377816915512,
      "split_half_cos_std": 1.693356602517227e-05,
      "per_pair_variance": 0.0038329362869262695,
      "baseline_metric": 0.64,
      "steered_metric": 0.01,
      "random_metric_mean": 0.64,
      "random_metric_std": 0.010954451150103333,
      "delta_vs_baseline": -0.63,
      "delta_vs_random": -0.63,
      "seconds": 1594.011698961258,
      "notes": ""
    },
    {
      "seed": 4096,
      "task_name": "persona",
      "task_kind": "borderline",
      "n_pairs": 200,
      "n_eval": 100,
      "target_layer": 7,
      "split_half_cos_mean": 0.9999377816915512,
      "split_half_cos_std": 1.693356602517227e-05,
      "per_pair_variance": 0.0038329362869262695,
      "baseline_metric": 0.64,
      "steered_metric": 0.01,
      "random_metric_mean": 0.6540000000000001,
      "random_metric_std": 0.008000000000000007,
      "delta_vs_baseline": -0.63,
      "delta_vs_random": -0.6440000000000001,
      "seconds": 1604.3251128196716,
      "notes": ""
    }
  ]
}