{
  "task_name": "rag_distractor",
  "model": "meta-llama/Llama-3.2-3B-Instruct",
  "layer": 7,
  "n_pairs": 200,
  "n_eval": 100,
  "n_seeds": 3,
  "seeds": [
    2026,
    1729,
    4096
  ],
  "delta_vs_baseline": {
    "mean": -0.57,
    "std": 0.0,
    "values": [
      -0.57,
      -0.57,
      -0.57
    ]
  },
  "delta_vs_random": {
    "mean": -0.5653333333333332,
    "std": 0.003055050463303896,
    "values": [
      -0.5619999999999999,
      -0.566,
      -0.568
    ]
  },
  "split_half_cos_mean": {
    "mean": 0.9878029644489288,
    "std": 0.0,
    "values": [
      0.9878029644489288,
      0.9878029644489288,
      0.9878029644489288
    ]
  },
  "per_pair_variance": {
    "mean": 0.7465552091598511,
    "std": 0.0,
    "values": [
      0.7465552091598511,
      0.7465552091598511,
      0.7465552091598511
    ]
  },
  "baseline_metric": {
    "mean": 0.58,
    "std": 0.0,
    "values": [
      0.58,
      0.58,
      0.58
    ]
  },
  "steered_metric": {
    "mean": 0.01,
    "std": 0.0,
    "values": [
      0.01,
      0.01,
      0.01
    ]
  },
  "random_metric_mean": {
    "mean": 0.5753333333333333,
    "std": 0.003055050463303896,
    "values": [
      0.572,
      0.576,
      0.578
    ]
  },
  "per_seed_reports": [
    {
      "seed": 2026,
      "task_name": "rag_distractor",
      "task_kind": "content_specific",
      "n_pairs": 200,
      "n_eval": 100,
      "target_layer": 7,
      "split_half_cos_mean": 0.9878029644489288,
      "split_half_cos_std": 0.00825558026928963,
      "per_pair_variance": 0.7465552091598511,
      "baseline_metric": 0.58,
      "steered_metric": 0.01,
      "random_metric_mean": 0.572,
      "random_metric_std": 0.026381811916545816,
      "delta_vs_baseline": -0.57,
      "delta_vs_random": -0.5619999999999999,
      "seconds": 2449.42276096344,
      "notes": ""
    },
    {
      "seed": 1729,
      "task_name": "rag_distractor",
      "task_kind": "content_specific",
      "n_pairs": 200,
      "n_eval": 100,
      "target_layer": 7,
      "split_half_cos_mean": 0.9878029644489288,
      "split_half_cos_std": 0.00825558026928963,
      "per_pair_variance": 0.7465552091598511,
      "baseline_metric": 0.58,
      "steered_metric": 0.01,
      "random_metric_mean": 0.576,
      "random_metric_std": 0.013564659966250496,
      "delta_vs_baseline": -0.57,
      "delta_vs_random": -0.566,
      "seconds": 2824.477488040924,
      "notes": ""
    },
    {
      "seed": 4096,
      "task_name": "rag_distractor",
      "task_kind": "content_specific",
      "n_pairs": 200,
      "n_eval": 100,
      "target_layer": 7,
      "split_half_cos_mean": 0.9878029644489288,
      "split_half_cos_std": 0.00825558026928963,
      "per_pair_variance": 0.7465552091598511,
      "baseline_metric": 0.58,
      "steered_metric": 0.01,
      "random_metric_mean": 0.578,
      "random_metric_std": 0.007483314773547889,
      "delta_vs_baseline": -0.57,
      "delta_vs_random": -0.568,
      "seconds": 2412.5345120429993,
      "notes": ""
    }
  ]
}